vdwVolume,hydrophobicity,substitutionMatrix,pssm_native,entropy,ref_value
55,0.03,-2,5.59,0.27,Pathogenics
23,0.77,1,3.54,2.21,neutral
13,0.02,2,4.04,1.89,neutral
43,1.05,-1,4.73,0.29,Pathogenics
55,0.03,-2,5.59,0.25,Pathogenics
43,1.05,-1,5.09,0.27,Pathogenics
26,0.48,1,4.25,0.31,Pathogenics
50,2.36,-3,5.57,0.48,Pathogenics
26,0.07,0,3.42,2.23,neutral
17,1.03,-1,4.0,1.43,neutral
61,0.87,-2,5.09,0.31,Pathogenics
24,1.47,-2,4.31,1.38,Pathogenics
51,2.37,-2,3.36,0.74,Pathogenics
11,0.12,0,3.36,0.74,neutral
24,1.28,-1,4.75,0.64,neutral
5,0.23,1,5.05,0.67,neutral
51,2.51,-2,4.14,1.64,neutral
6,0.47,1,3.77,1.81,neutral
19,0.8,3,2.93,2.32,neutral
50,2.36,-3,5.54,0.57,Pathogenics
0,0.14,2,3.25,1.04,neutral
11,0.12,0,3.43,0.3,neutral
26,0.48,1,4.21,0.58,neutral
24,3.69,-2,3.38,0.68,neutral
5,0.57,2,1.0,1.65,neutral
26,0.48,1,4.2,0.53,neutral
0,0.14,2,2.81,1.81,neutral
4,0.48,0,4.7,1.78,neutral
26,0.07,0,4.41,0.82,neutral
42,1.29,-1,4.58,0.48,neutral
23,1.13,2,5.0,2.54,neutral
17,1.03,-1,3.75,1.78,neutral
68,1.36,-2,3.75,1.78,neutral
23,0.77,1,1.55,2.3,neutral
19,0.8,3,1.76,2.91,neutral
23,0.77,1,4.14,2.26,neutral
13,0.02,2,4.0,1.53,neutral
26,0.07,0,4.15,2.27,neutral
25,0.05,0,3.47,2.41,neutral
23,0.77,1,3.47,2.41,neutral
19,0.8,3,4.18,2.08,neutral
0,0.64,2,-1.0,0.43,neutral
100,1.37,-2,2.0,0.81,neutral
58,2.35,-2,2.0,0.81,Pathogenics
13,0.02,2,4.51,1.31,neutral
100,1.37,-2,3.52,3.01,neutral
13,1.39,-1,3.23,2.86,neutral
34,1.07,1,4.04,1.65,neutral
20,0.4,1,4.09,0.5,neutral
23,0.77,1,3.28,2.66,neutral
62,2.71,-3,4.72,0.49,Pathogenics
24,3.69,-2,4.72,0.49,Pathogenics
30,0.78,-1,4.46,0.74,Pathogenics
19,0.02,1,4.65,3.19,neutral
0,0.78,1,4.65,3.19,neutral
18,0.18,2,2.82,1.74,neutral
5,0.57,2,3.85,2.61,neutral
49,1.1,-2,5.23,2.21,neutral
11,0.02,0,3.48,2.18,neutral
18,0.18,2,4.24,1.99,neutral
28,0.8,-2,5.82,0.48,Pathogenics
11,0.12,0,3.2,1.18,neutral
6,0.47,1,4.53,0.59,neutral
26,0.48,1,4.0,0.45,Pathogenics
19,0.8,3,4.0,1.93,neutral
17,1.03,-1,3.14,2.38,neutral
26,0.07,0,2.25,2.8,neutral
42,1.29,-1,1.77,2.63,neutral
23,0.77,1,3.52,1.67,neutral
31,2.11,-1,1.14,2.49,neutral
34,1.34,-3,3.37,0.58,Pathogenics
38,1.34,-3,5.02,0.58,Pathogenics
25,0.05,0,2.99,2.39,neutral
23,0.77,1,2.99,2.39,neutral
42,1.29,-1,4.56,0.55,Pathogenics
19,0.66,1,3.39,0.64,neutral
57,1.66,-3,4.0,0.85,Pathogenics
5,0.57,2,4.09,1.41,neutral
34,1.34,-3,2.91,1.3,Pathogenics
62,2.71,-3,3.77,2.57,neutral
30,1.55,0,3.77,2.57,neutral
100,1.37,-2,4.66,0.79,Pathogenics
30,1.55,0,4.68,0.84,neutral
50,2.36,-3,5.56,0.55,Pathogenics
19,0.8,3,4.6,0.92,neutral
31,1.33,-1,5.37,1.5,neutral
62,2.71,-3,5.32,1.38,Pathogenics
15,4.44,-3,7.0,0.55,Pathogenics
19,0.42,0,4.1,2.52,neutral
5,0.23,1,3.56,2.67,neutral
100,1.37,-2,4.1,2.12,neutral
20,0.4,1,1.08,0.71,neutral
23,0.56,-1,4.54,0.63,Pathogenics
27,1.23,-1,6.0,0.74,Pathogenics
13,0.02,2,1.87,0.99,neutral
38,1.24,0,1.6,1.93,neutral
21,1.05,1,4.03,1.69,neutral
20,0.4,1,4.08,0.74,neutral
34,1.07,1,4.7,0.49,Pathogenics
23,0.56,-1,4.53,0.54,Pathogenics
23,1.13,2,6.0,0.51,Pathogenics
24,3.83,-3,3.63,1.97,neutral
34,1.34,-3,3.0,1.22,Pathogenics
18,0.18,2,3.83,1.67,neutral
14,2.71,-3,4.45,0.59,Pathogenics
61,0.87,-2,4.13,0.93,Pathogenics
28,0.8,-2,3.02,1.02,neutral
55,0.03,-2,5.52,0.55,Pathogenics
3,0.63,-1,4.77,0.59,Pathogenics
20,0.4,1,4.77,0.59,Pathogenics
19,0.8,3,4.31,1.31,neutral
13,0.02,2,4.06,1.73,neutral
25,0.05,0,5.01,0.55,Pathogenics
34,1.34,-3,5.29,0.56,Pathogenics
39,0.53,0,4.32,0.56,Pathogenics
31,2.11,-1,5.0,0.94,Pathogenics
24,3.83,-3,5.0,0.94,Pathogenics
62,2.71,-3,5.52,0.55,Pathogenics
5,0.23,1,4.65,0.56,Pathogenics
18,0.18,2,4.65,0.56,Pathogenics
38,1.24,0,4.0,0.66,Pathogenics
5,0.23,1,4.66,0.57,Pathogenics
38,1.24,0,5.0,0.66,Pathogenics
24,1.28,-1,4.72,0.66,Pathogenics
19,0.8,3,3.72,1.93,neutral
23,0.77,1,4.07,2.7,neutral
11,3.03,-1,3.87,2.33,neutral
62,2.49,-2,4.59,1.51,neutral
18,0.18,2,3.9,1.57,neutral
19,0.8,3,1.82,2.53,neutral
18,0.18,2,3.48,2.37,neutral
19,0.8,3,3.65,1.44,neutral
55,0.03,-2,5.49,0.66,Pathogenics
22,1.0,1,4.71,1.38,neutral
11,0.02,0,5.13,0.57,Pathogenics
49,1.1,-2,5.13,0.57,Pathogenics
34,1.34,-3,5.27,0.57,Pathogenics
57,1.66,-3,4.43,0.57,Pathogenics
62,2.71,-3,4.65,0.64,Pathogenics
11,0.12,0,5.13,0.57,Pathogenics
58,2.35,-2,4.65,0.67,Pathogenics
100,1.37,-2,4.98,0.6,Pathogenics
24,3.83,-3,4.55,0.92,Pathogenics
61,0.87,-2,4.0,0.57,Pathogenics
100,1.37,-2,4.66,0.56,Pathogenics
55,1.72,-1,4.66,0.56,Pathogenics
18,0.18,2,4.62,0.58,Pathogenics
43,1.05,-1,4.98,0.58,Pathogenics
62,2.71,-3,5.49,0.61,neutral
26,0.48,1,4.14,0.66,neutral
13,0.02,2,4.28,0.62,neutral
19,0.02,1,5.61,1.01,neutral
0,0.78,1,5.61,1.01,neutral
55,1.72,-1,4.64,0.6,neutral
5,0.23,1,4.58,1.46,neutral
21,1.05,1,4.52,1.17,neutral
24,1.28,-1,4.52,1.17,neutral
31,2.11,-1,3.86,1.53,neutral
24,1.47,-2,4.6,0.72,neutral
26,0.07,0,4.73,0.64,neutral
0,0.64,2,5.66,0.72,neutral
38,1.24,0,4.47,0.64,neutral
17,1.03,-1,2.54,1.94,neutral
19,0.66,1,2.73,1.54,neutral
23,0.77,1,4.19,2.02,neutral
6,0.47,1,3.67,2.27,neutral
18,0.18,2,4.23,1.89,neutral
34,1.07,1,4.48,1.5,neutral
62,2.71,-3,4.61,0.89,Pathogenics
30,1.55,0,4.61,0.89,Pathogenics
19,0.66,1,3.31,0.64,neutral
13,0.02,2,4.25,0.84,neutral
11,0.12,0,3.31,0.61,Pathogenics
0,0.78,1,1.0,1.17,neutral
75,1.32,-1,4.04,0.64,Pathogenics
23,0.56,-1,4.08,1.47,neutral
38,1.24,0,4.08,1.47,Pathogenics
