vdwVolume,hydrophobicity,substitutionMatrix,entropy,ref_value
55,0.03,-2,0.27,Pathogenics
23,0.77,1,2.21,neutral
13,0.02,2,1.89,neutral
43,1.05,-1,0.29,Pathogenics
55,0.03,-2,0.25,Pathogenics
43,1.05,-1,0.27,Pathogenics
26,0.48,1,0.31,Pathogenics
50,2.36,-3,0.48,Pathogenics
26,0.07,0,2.23,neutral
17,1.03,-1,1.43,neutral
61,0.87,-2,0.31,Pathogenics
24,1.47,-2,1.38,Pathogenics
51,2.37,-2,0.74,Pathogenics
11,0.12,0,0.74,neutral
24,1.28,-1,0.64,neutral
5,0.23,1,0.67,neutral
51,2.51,-2,1.64,neutral
6,0.47,1,1.81,neutral
19,0.8,3,2.32,neutral
50,2.36,-3,0.57,Pathogenics
0,0.14,2,1.04,neutral
11,0.12,0,0.3,neutral
26,0.48,1,0.58,neutral
24,3.69,-2,0.68,neutral
5,0.57,2,1.65,neutral
26,0.48,1,0.53,neutral
0,0.14,2,1.81,neutral
4,0.48,0,1.78,neutral
26,0.07,0,0.82,neutral
42,1.29,-1,0.48,neutral
23,1.13,2,2.54,neutral
17,1.03,-1,1.78,neutral
68,1.36,-2,1.78,neutral
23,0.77,1,2.3,neutral
19,0.8,3,2.91,neutral
23,0.77,1,2.26,neutral
13,0.02,2,1.53,neutral
26,0.07,0,2.27,neutral
25,0.05,0,2.41,neutral
23,0.77,1,2.41,neutral
19,0.8,3,2.08,neutral
0,0.64,2,0.43,neutral
100,1.37,-2,0.81,neutral
58,2.35,-2,0.81,Pathogenics
13,0.02,2,1.31,neutral
100,1.37,-2,3.01,neutral
13,1.39,-1,2.86,neutral
34,1.07,1,1.65,neutral
20,0.4,1,0.5,neutral
23,0.77,1,2.66,neutral
62,2.71,-3,0.49,Pathogenics
24,3.69,-2,0.49,Pathogenics
30,0.78,-1,0.74,Pathogenics
19,0.02,1,3.19,neutral
0,0.78,1,3.19,neutral
18,0.18,2,1.74,neutral
5,0.57,2,2.61,neutral
49,1.1,-2,2.21,neutral
11,0.02,0,2.18,neutral
18,0.18,2,1.99,neutral
28,0.8,-2,0.48,Pathogenics
11,0.12,0,1.18,neutral
6,0.47,1,0.59,neutral
26,0.48,1,0.45,Pathogenics
19,0.8,3,1.93,neutral
17,1.03,-1,2.38,neutral
26,0.07,0,2.8,neutral
42,1.29,-1,2.63,neutral
23,0.77,1,1.67,neutral
31,2.11,-1,2.49,neutral
34,1.34,-3,0.58,Pathogenics
38,1.34,-3,0.58,Pathogenics
25,0.05,0,2.39,neutral
23,0.77,1,2.39,neutral
42,1.29,-1,0.55,Pathogenics
19,0.66,1,0.64,neutral
57,1.66,-3,0.85,Pathogenics
5,0.57,2,1.41,neutral
34,1.34,-3,1.3,Pathogenics
62,2.71,-3,2.57,neutral
30,1.55,0,2.57,neutral
100,1.37,-2,0.79,Pathogenics
30,1.55,0,0.84,neutral
50,2.36,-3,0.55,Pathogenics
19,0.8,3,0.92,neutral
31,1.33,-1,1.5,neutral
62,2.71,-3,1.38,Pathogenics
15,4.44,-3,0.55,Pathogenics
19,0.42,0,2.52,neutral
5,0.23,1,2.67,neutral
100,1.37,-2,2.12,neutral
20,0.4,1,0.71,neutral
23,0.56,-1,0.63,Pathogenics
27,1.23,-1,0.74,Pathogenics
13,0.02,2,0.99,neutral
38,1.24,0,1.93,neutral
21,1.05,1,1.69,neutral
20,0.4,1,0.74,neutral
34,1.07,1,0.49,Pathogenics
23,0.56,-1,0.54,Pathogenics
23,1.13,2,0.51,Pathogenics
24,3.83,-3,1.97,neutral
34,1.34,-3,1.22,Pathogenics
18,0.18,2,1.67,neutral
14,2.71,-3,0.59,Pathogenics
61,0.87,-2,0.93,Pathogenics
28,0.8,-2,1.02,neutral
55,0.03,-2,0.55,Pathogenics
3,0.63,-1,0.59,Pathogenics
20,0.4,1,0.59,Pathogenics
19,0.8,3,1.31,neutral
13,0.02,2,1.73,neutral
25,0.05,0,0.55,Pathogenics
34,1.34,-3,0.56,Pathogenics
39,0.53,0,0.56,Pathogenics
31,2.11,-1,0.94,Pathogenics
24,3.83,-3,0.94,Pathogenics
62,2.71,-3,0.55,Pathogenics
5,0.23,1,0.56,Pathogenics
18,0.18,2,0.56,Pathogenics
38,1.24,0,0.66,Pathogenics
5,0.23,1,0.57,Pathogenics
38,1.24,0,0.66,Pathogenics
24,1.28,-1,0.66,Pathogenics
19,0.8,3,1.93,neutral
23,0.77,1,2.7,neutral
11,3.03,-1,2.33,neutral
62,2.49,-2,1.51,neutral
18,0.18,2,1.57,neutral
19,0.8,3,2.53,neutral
18,0.18,2,2.37,neutral
19,0.8,3,1.44,neutral
55,0.03,-2,0.66,Pathogenics
22,1.0,1,1.38,neutral
11,0.02,0,0.57,Pathogenics
49,1.1,-2,0.57,Pathogenics
34,1.34,-3,0.57,Pathogenics
57,1.66,-3,0.57,Pathogenics
62,2.71,-3,0.64,Pathogenics
11,0.12,0,0.57,Pathogenics
58,2.35,-2,0.67,Pathogenics
100,1.37,-2,0.6,Pathogenics
24,3.83,-3,0.92,Pathogenics
61,0.87,-2,0.57,Pathogenics
100,1.37,-2,0.56,Pathogenics
55,1.72,-1,0.56,Pathogenics
18,0.18,2,0.58,Pathogenics
43,1.05,-1,0.58,Pathogenics
62,2.71,-3,0.61,neutral
26,0.48,1,0.66,neutral
13,0.02,2,0.62,neutral
19,0.02,1,1.01,neutral
0,0.78,1,1.01,neutral
55,1.72,-1,0.6,neutral
5,0.23,1,1.46,neutral
21,1.05,1,1.17,neutral
24,1.28,-1,1.17,neutral
31,2.11,-1,1.53,neutral
24,1.47,-2,0.72,neutral
26,0.07,0,0.64,neutral
0,0.64,2,0.72,neutral
38,1.24,0,0.64,neutral
17,1.03,-1,1.94,neutral
19,0.66,1,1.54,neutral
23,0.77,1,2.02,neutral
6,0.47,1,2.27,neutral
18,0.18,2,1.89,neutral
34,1.07,1,1.5,neutral
62,2.71,-3,0.89,Pathogenics
30,1.55,0,0.89,Pathogenics
19,0.66,1,0.64,neutral
13,0.02,2,0.84,neutral
11,0.12,0,0.61,Pathogenics
0,0.78,1,1.17,neutral
75,1.32,-1,0.64,Pathogenics
23,0.56,-1,1.47,neutral
38,1.24,0,1.47,Pathogenics
