vdwVolume,value
vdwVolume0,23
vdwVolume0,13
vdwVolume0,26
vdwVolume0,17
vdwVolume0,11
vdwVolume0,24
vdwVolume0,5
vdwVolume0,51
vdwVolume0,6
vdwVolume0,19
vdwVolume0,0
vdwVolume0,11
vdwVolume0,26
vdwVolume0,24
vdwVolume0,5
vdwVolume0,26
vdwVolume0,0
vdwVolume0,4
vdwVolume0,26
vdwVolume0,42
vdwVolume0,23
vdwVolume0,17
vdwVolume0,68
vdwVolume0,23
vdwVolume0,19
vdwVolume0,23
vdwVolume0,13
vdwVolume0,26
vdwVolume0,25
vdwVolume0,23
vdwVolume0,19
vdwVolume0,0
vdwVolume0,100
vdwVolume0,13
vdwVolume0,100
vdwVolume0,13
vdwVolume0,34
vdwVolume0,20
vdwVolume0,23
vdwVolume0,19
vdwVolume0,0
vdwVolume0,18
vdwVolume0,5
vdwVolume0,49
vdwVolume0,11
vdwVolume0,18
vdwVolume0,11
vdwVolume0,6
vdwVolume0,19
vdwVolume0,17
vdwVolume0,26
vdwVolume0,42
vdwVolume0,23
vdwVolume0,31
vdwVolume0,25
vdwVolume0,23
vdwVolume0,19
vdwVolume0,5
vdwVolume0,62
vdwVolume0,30
vdwVolume0,30
vdwVolume0,19
vdwVolume0,31
vdwVolume0,19
vdwVolume0,5
vdwVolume0,100
vdwVolume0,20
vdwVolume0,13
vdwVolume0,38
vdwVolume0,21
vdwVolume0,20
vdwVolume0,24
vdwVolume0,18
vdwVolume0,28
vdwVolume0,19
vdwVolume0,13
vdwVolume0,19
vdwVolume0,23
vdwVolume0,11
vdwVolume0,62
vdwVolume0,18
vdwVolume0,19
vdwVolume0,18
vdwVolume0,19
vdwVolume0,22
vdwVolume0,62
vdwVolume0,26
vdwVolume0,13
vdwVolume0,19
vdwVolume0,0
vdwVolume0,55
vdwVolume0,5
vdwVolume0,21
vdwVolume0,24
vdwVolume0,31
vdwVolume0,24
vdwVolume0,26
vdwVolume0,0
vdwVolume0,38
vdwVolume0,17
vdwVolume0,19
vdwVolume0,23
vdwVolume0,6
vdwVolume0,18
vdwVolume0,34
vdwVolume0,19
vdwVolume0,13
vdwVolume0,0
vdwVolume0,23
vdwVolume1,55
vdwVolume1,43
vdwVolume1,55
vdwVolume1,43
vdwVolume1,26
vdwVolume1,50
vdwVolume1,61
vdwVolume1,24
vdwVolume1,51
vdwVolume1,50
vdwVolume1,58
vdwVolume1,62
vdwVolume1,24
vdwVolume1,30
vdwVolume1,28
vdwVolume1,26
vdwVolume1,34
vdwVolume1,38
vdwVolume1,42
vdwVolume1,57
vdwVolume1,34
vdwVolume1,100
vdwVolume1,50
vdwVolume1,62
vdwVolume1,15
vdwVolume1,23
vdwVolume1,27
vdwVolume1,34
vdwVolume1,23
vdwVolume1,23
vdwVolume1,34
vdwVolume1,14
vdwVolume1,61
vdwVolume1,55
vdwVolume1,3
vdwVolume1,20
vdwVolume1,25
vdwVolume1,34
vdwVolume1,39
vdwVolume1,31
vdwVolume1,24
vdwVolume1,62
vdwVolume1,5
vdwVolume1,18
vdwVolume1,38
vdwVolume1,5
vdwVolume1,38
vdwVolume1,24
vdwVolume1,55
vdwVolume1,11
vdwVolume1,49
vdwVolume1,34
vdwVolume1,57
vdwVolume1,62
vdwVolume1,11
vdwVolume1,58
vdwVolume1,100
vdwVolume1,24
vdwVolume1,61
vdwVolume1,100
vdwVolume1,55
vdwVolume1,18
vdwVolume1,43
vdwVolume1,62
vdwVolume1,30
vdwVolume1,11
vdwVolume1,75
vdwVolume1,38
